{
  "2025-05-25": {
    "total": 0.051809055,
    "hourly": {
      "15": 0.051809055
    }
  }
}